,date,newspaper,circulation
0,08.01.2018,HÜRRİYET,319.27299999999997
1,08.01.2018,SABAH,304.895
2,08.01.2018,SÖZCÜ,266.153
3,08.01.2018,POSTA,246.018
4,08.01.2018,HABERTÜRK,205.655
5,08.01.2018,TÜRKİYE,135.388
6,08.01.2018,MİLLİYET,129.872
7,08.01.2018,P.FOTOMAÇ,123.57600000000001
8,08.01.2018,TAKVİM,120.439
9,08.01.2018,YENİ ŞAFAK,111.32600000000001
10,08.01.2018,GÜNEŞ,109.24799999999999
11,08.01.2018,AKŞAM,104.43
12,08.01.2018,STAR,102.611
13,08.01.2018,VATAN,102.25299999999999
14,08.01.2018,FANATİK,94.53
15,08.01.2018,KORKUSUZ,58.286
16,08.01.2018,YENİ AKİT,53.423
17,08.01.2018,KARAR,52.861999999999995
18,08.01.2018,AYDINLIK,50.493
19,08.01.2018,YENİ ASIR,50.06
20,08.01.2018,CUMHURİYET,34.704
21,08.01.2018,DOĞRU HABER,30.381999999999998
22,15.01.2018,HÜRRİYET,315.99
23,15.01.2018,SABAH,305.893
24,15.01.2018,SÖZCÜ,266.20099999999996
25,15.01.2018,POSTA,245.862
26,15.01.2018,HABERTÜRK,205.745
27,15.01.2018,TÜRKİYE,135.555
28,15.01.2018,MİLLİYET,131.469
29,15.01.2018,P.FOTOMAÇ,126.493
30,15.01.2018,TAKVİM,119.935
31,15.01.2018,YENİ ŞAFAK,111.29799999999999
32,15.01.2018,GÜNEŞ,106.17399999999999
33,15.01.2018,AKŞAM,103.36
34,15.01.2018,VATAN,102.514
35,15.01.2018,STAR,102.289
36,15.01.2018,FANATİK,95.50399999999999
37,15.01.2018,KORKUSUZ,55.145
38,15.01.2018,YENİ AKİT,53.503
39,15.01.2018,KARAR,52.632
40,15.01.2018,AYDINLIK,50.655
41,15.01.2018,YENİ ASIR,49.994
42,15.01.2018,CUMHURİYET,34.555
43,15.01.2018,DOĞRU HABER,30.467
44,22.01.2018,HÜRRİYET,315.269
45,22.01.2018,SABAH,305.922
46,22.01.2018,SÖZCÜ,259.715
47,22.01.2018,POSTA,241.52900000000002
48,22.01.2018,HABERTÜRK,205.727
49,22.01.2018,TÜRKİYE,135.936
50,22.01.2018,P.FOTOMAÇ,130.92700000000002
51,22.01.2018,MİLLİYET,130.566
52,22.01.2018,TAKVİM,120.009
53,22.01.2018,YENİ ŞAFAK,111.32
54,22.01.2018,GÜNEŞ,105.391
55,22.01.2018,AKŞAM,104.96799999999999
56,22.01.2018,STAR,102.584
57,22.01.2018,VATAN,102.318
58,22.01.2018,FANATİK,98.539
59,22.01.2018,YENİ AKİT,53.635
60,22.01.2018,KORKUSUZ,53.461000000000006
61,22.01.2018,KARAR,52.506
62,22.01.2018,AYDINLIK,50.423
63,22.01.2018,YENİ ASIR,49.9
64,22.01.2018,CUMHURİYET,34.188
65,22.01.2018,DOĞRU HABER,30.414
66,29.01.2018,HÜRRİYET,315.163
67,29.01.2018,SABAH,306.411
68,29.01.2018,SÖZCÜ,258.29
69,29.01.2018,POSTA,241.23
70,29.01.2018,HABERTÜRK,205.578
71,29.01.2018,TÜRKİYE,135.558
72,29.01.2018,MİLLİYET,130.832
73,29.01.2018,P.FOTOMAÇ,128.377
74,29.01.2018,TAKVİM,117.238
75,29.01.2018,YENİ ŞAFAK,111.35600000000001
76,29.01.2018,GÜNEŞ,105.77
77,29.01.2018,AKŞAM,103.851
78,29.01.2018,STAR,102.477
79,29.01.2018,VATAN,102.37899999999999
80,29.01.2018,FANATİK,101.728
81,29.01.2018,KORKUSUZ,54.769
82,29.01.2018,YENİ AKİT,53.544
83,29.01.2018,KARAR,52.50899999999999
84,29.01.2018,AYDINLIK,50.443999999999996
85,29.01.2018,YENİ ASIR,50.055
86,29.01.2018,CUMHURİYET,34.247
87,29.01.2018,DOĞRU HABER,30.432
88,05.02.2018,HÜRRİYET,315.517
89,05.02.2018,SABAH,306.002
90,05.02.2018,SÖZCÜ,259.642
91,05.02.2018,POSTA,240.96099999999998
92,05.02.2018,HABERTÜRK,205.299
93,05.02.2018,TÜRKİYE,134.812
94,05.02.2018,MİLLİYET,130.10399999999998
95,05.02.2018,P.FOTOMAÇ,127.42399999999999
96,05.02.2018,TAKVİM,117.50200000000001
97,05.02.2018,YENİ ŞAFAK,111.258
98,05.02.2018,GÜNEŞ,106.324
99,05.02.2018,AKŞAM,103.65299999999999
100,05.02.2018,STAR,102.448
101,05.02.2018,VATAN,102.404
102,05.02.2018,FANATİK,101.074
103,05.02.2018,KORKUSUZ,55.606
104,05.02.2018,YENİ AKİT,53.528999999999996
105,05.02.2018,KARAR,52.479
106,05.02.2018,AYDINLIK,50.468999999999994
107,05.02.2018,YENİ ASIR,50.321999999999996
108,05.02.2018,CUMHURİYET,34.293
109,05.02.2018,DOĞRU HABER,30.305
110,12.02.2018,HÜRRİYET,314.161
111,12.02.2018,SABAH,307.061
112,12.02.2018,SÖZCÜ,259.812
113,12.02.2018,POSTA,242.421
114,12.02.2018,HABERTÜRK,205.907
115,12.02.2018,TÜRKİYE,135.186
116,12.02.2018,MİLLİYET,130.378
117,12.02.2018,P.FOTOMAÇ,130.314
118,12.02.2018,TAKVİM,118.32600000000001
119,12.02.2018,YENİ ŞAFAK,111.32600000000001
120,12.02.2018,GÜNEŞ,106.415
121,12.02.2018,AKŞAM,103.948
122,12.02.2018,VATAN,102.69
123,12.02.2018,FANATİK,102.486
124,12.02.2018,STAR,102.40700000000001
125,12.02.2018,KORKUSUZ,57.117
126,12.02.2018,YENİ AKİT,53.457
127,12.02.2018,KARAR,52.515
128,12.02.2018,YENİ ASIR,50.35
129,12.02.2018,AYDINLIK,50.309
130,12.02.2018,CUMHURİYET,34.354
131,12.02.2018,DOĞRU HABER,30.704
132,19.02.2018,HÜRRİYET,314.205
133,19.02.2018,SABAH,306.4
134,19.02.2018,SÖZCÜ,257.29900000000004
135,19.02.2018,POSTA,240.923
136,19.02.2018,HABERTÜRK,205.188
137,19.02.2018,TÜRKİYE,135.455
138,19.02.2018,MİLLİYET,129.969
139,19.02.2018,P.FOTOMAÇ,129.041
140,19.02.2018,TAKVİM,117.90100000000001
141,19.02.2018,YENİ ŞAFAK,111.40799999999999
142,19.02.2018,GÜNEŞ,105.26299999999999
143,19.02.2018,AKŞAM,103.65700000000001
144,19.02.2018,VATAN,102.488
145,19.02.2018,STAR,102.415
146,19.02.2018,FANATİK,101.251
147,19.02.2018,KORKUSUZ,57.292
148,19.02.2018,YENİ AKİT,53.297
149,19.02.2018,KARAR,52.498000000000005
150,19.02.2018,YENİ ASIR,50.483999999999995
151,19.02.2018,AYDINLIK,50.18
152,19.02.2018,CUMHURİYET,34.058
153,19.02.2018,DOĞRU HABER,30.399
154,26.02.2018,HÜRRİYET,315.72900000000004
155,26.02.2018,SABAH,306.67
156,26.02.2018,SÖZCÜ,257.774
157,26.02.2018,POSTA,239.403
158,26.02.2018,HABERTÜRK,205.505
159,26.02.2018,TÜRKİYE,135.099
160,26.02.2018,MİLLİYET,130.54399999999998
161,26.02.2018,P.FOTOMAÇ,129.248
162,26.02.2018,TAKVİM,116.61399999999999
163,26.02.2018,YENİ ŞAFAK,110.794
164,26.02.2018,GÜNEŞ,104.74799999999999
165,26.02.2018,AKŞAM,103.848
166,26.02.2018,FANATİK,102.601
167,26.02.2018,VATAN,102.51899999999999
168,26.02.2018,STAR,102.346
169,26.02.2018,KORKUSUZ,56.136
170,26.02.2018,YENİ AKİT,53.18
171,26.02.2018,KARAR,52.431000000000004
172,26.02.2018,AYDINLIK,51.113
173,26.02.2018,YENİ ASIR,50.512
174,26.02.2018,CUMHURİYET,34.058
175,26.02.2018,DOĞRU HABER,30.42
176,05.03.2018,HÜRRİYET,315.844
177,05.03.2018,SABAH,306.59
178,05.03.2018,SÖZCÜ,257.753
179,05.03.2018,POSTA,239.46200000000002
180,05.03.2018,HABERTÜRK,204.997
181,05.03.2018,TÜRKİYE,134.355
182,05.03.2018,MİLLİYET,130.47299999999998
183,05.03.2018,P.FOTOMAÇ,129.724
184,05.03.2018,TAKVİM,116.73
185,05.03.2018,YENİ ŞAFAK,110.884
186,05.03.2018,GÜNEŞ,105.27600000000001
187,05.03.2018,AKŞAM,103.61200000000001
188,05.03.2018,FANATİK,103.292
189,05.03.2018,VATAN,102.57700000000001
190,05.03.2018,STAR,102.166
191,05.03.2018,KORKUSUZ,56.745
192,05.03.2018,YENİ AKİT,52.925
193,05.03.2018,KARAR,52.415
194,05.03.2018,YENİ ASIR,50.381
195,05.03.2018,AYDINLIK,50.299
196,05.03.2018,CUMHURİYET,34.042
197,05.03.2018,DOĞRU HABER,30.198
198,12.03.2018,HÜRRİYET,317.468
199,12.03.2018,SABAH,306.32099999999997
200,12.03.2018,SÖZCÜ,258.056
201,12.03.2018,POSTA,240.233
202,12.03.2018,HABERTÜRK,205.021
203,12.03.2018,TÜRKİYE,134.727
204,12.03.2018,P.FOTOMAÇ,130.55200000000002
205,12.03.2018,MİLLİYET,130.47
206,12.03.2018,TAKVİM,116.402
207,12.03.2018,YENİ ŞAFAK,110.93799999999999
208,12.03.2018,FANATİK,106.632
209,12.03.2018,GÜNEŞ,105.146
210,12.03.2018,AKŞAM,104.07700000000001
211,12.03.2018,VATAN,102.634
212,12.03.2018,STAR,102.353
213,12.03.2018,KORKUSUZ,55.305
214,12.03.2018,YENİ AKİT,52.931000000000004
215,12.03.2018,KARAR,52.373999999999995
216,12.03.2018,YENİ ASIR,50.379
217,12.03.2018,AYDINLIK,50.233000000000004
218,12.03.2018,CUMHURİYET,33.825
219,12.03.2018,DOĞRU HABER,30.198
220,19.03.2018,HÜRRİYET,312.03700000000003
221,19.03.2018,SABAH,306.163
222,19.03.2018,SÖZCÜ,262.069
223,19.03.2018,POSTA,234.748
224,19.03.2018,HABERTÜRK,203.24099999999999
225,19.03.2018,TÜRKİYE,135.172
226,19.03.2018,MİLLİYET,130.023
227,19.03.2018,P.FOTOMAÇ,121.96
228,19.03.2018,TAKVİM,116.132
229,19.03.2018,YENİ ŞAFAK,111.42200000000001
230,19.03.2018,GÜNEŞ,105.111
231,19.03.2018,AKŞAM,103.68700000000001
232,19.03.2018,FANATİK,102.552
233,19.03.2018,VATAN,102.551
234,19.03.2018,STAR,102.36200000000001
235,19.03.2018,KORKUSUZ,55.604
236,19.03.2018,YENİ ASIR,54.242
237,19.03.2018,YENİ AKİT,53.104
238,19.03.2018,KARAR,52.335
239,19.03.2018,AYDINLIK,50.17
240,19.03.2018,CUMHURİYET,34.561
241,19.03.2018,DOĞRU HABER,30.105
242,26.03.2018,HÜRRİYET,307.178
243,26.03.2018,SABAH,306.558
244,26.03.2018,SÖZCÜ,267.70099999999996
245,26.03.2018,POSTA,230.889
246,26.03.2018,HABERTÜRK,204.13
247,26.03.2018,TÜRKİYE,135.195
248,26.03.2018,MİLLİYET,129.903
249,26.03.2018,P.FOTOMAÇ,125.56700000000001
250,26.03.2018,TAKVİM,116.50399999999999
251,26.03.2018,YENİ ŞAFAK,111.50200000000001
252,26.03.2018,GÜNEŞ,105.535
253,26.03.2018,AKŞAM,103.97200000000001
254,26.03.2018,FANATİK,103.22
255,26.03.2018,VATAN,102.654
256,26.03.2018,STAR,102.501
257,26.03.2018,KORKUSUZ,57.57
258,26.03.2018,YENİ AKİT,52.906000000000006
259,26.03.2018,KARAR,52.418
260,26.03.2018,AYDINLIK,51.568000000000005
261,26.03.2018,YENİ ASIR,50.303999999999995
262,26.03.2018,CUMHURİYET,35.759
263,26.03.2018,DOĞRU HABER,29.895
264,02.04.2018,SABAH,306.748
265,02.04.2018,HÜRRİYET,304.369
266,02.04.2018,SÖZCÜ,271.47900000000004
267,02.04.2018,POSTA,227.18200000000002
268,02.04.2018,HABERTÜRK,204.40400000000002
269,02.04.2018,TÜRKİYE,133.782
270,02.04.2018,MİLLİYET,129.55700000000002
271,02.04.2018,P.FOTOMAÇ,128.468
272,02.04.2018,TAKVİM,116.006
273,02.04.2018,YENİ ŞAFAK,111.11
274,02.04.2018,GÜNEŞ,105.23200000000001
275,02.04.2018,FANATİK,104.773
276,02.04.2018,AKŞAM,103.79899999999999
277,02.04.2018,VATAN,102.529
278,02.04.2018,STAR,102.45200000000001
279,02.04.2018,KORKUSUZ,57.382
280,02.04.2018,YENİ AKİT,52.99
281,02.04.2018,KARAR,52.416000000000004
282,02.04.2018,AYDINLIK,50.515
283,02.04.2018,YENİ ASIR,50.317
284,02.04.2018,CUMHURİYET,37.755
285,02.04.2018,DOĞRU HABER,28.596
286,09.04.2018,SABAH,309.453
287,09.04.2018,HÜRRİYET,303.31
288,09.04.2018,SÖZCÜ,271.378
289,09.04.2018,POSTA,224.199
290,09.04.2018,HABERTÜRK,205.043
291,09.04.2018,TÜRKİYE,133.89600000000002
292,09.04.2018,MİLLİYET,129.529
293,09.04.2018,P.FOTOMAÇ,127.609
294,09.04.2018,TAKVİM,115.249
295,09.04.2018,YENİ ŞAFAK,111.07700000000001
296,09.04.2018,GÜNEŞ,104.979
297,09.04.2018,AKŞAM,103.955
298,09.04.2018,VATAN,102.632
299,09.04.2018,STAR,102.40799999999999
300,09.04.2018,FANATİK,100.75299999999999
301,09.04.2018,KORKUSUZ,55.56399999999999
302,09.04.2018,YENİ AKİT,52.852
303,09.04.2018,KARAR,52.548
304,09.04.2018,AYDINLIK,50.605
305,09.04.2018,YENİ ASIR,50.321999999999996
306,09.04.2018,CUMHURİYET,37.348
307,09.04.2018,DOĞRU HABER,25.976999999999997
308,16.04.2018,SABAH,310.882
309,16.04.2018,HÜRRİYET,301.665
310,16.04.2018,SÖZCÜ,274.776
311,16.04.2018,POSTA,222.023
312,16.04.2018,HABERTÜRK,204.377
313,16.04.2018,TÜRKİYE,134.189
314,16.04.2018,MİLLİYET,130.034
315,16.04.2018,P.FOTOMAÇ,128.727
316,16.04.2018,TAKVİM,115.119
317,16.04.2018,YENİ ŞAFAK,111.029
318,16.04.2018,GÜNEŞ,105.056
319,16.04.2018,AKŞAM,104.169
320,16.04.2018,VATAN,102.566
321,16.04.2018,STAR,102.411
322,16.04.2018,FANATİK,98.93
323,16.04.2018,KORKUSUZ,58.549
324,16.04.2018,YENİ AKİT,52.854
325,16.04.2018,KARAR,52.481
326,16.04.2018,AYDINLIK,50.968999999999994
327,16.04.2018,YENİ ASIR,50.27
328,16.04.2018,CUMHURİYET,37.391999999999996
329,16.04.2018,DOĞRU HABER,25.728
330,23.04.2018,SABAH,311.717
331,23.04.2018,HÜRRİYET,301.857
332,23.04.2018,SÖZCÜ,283.697
333,23.04.2018,POSTA,221.727
334,23.04.2018,TÜRKİYE,134.93200000000002
335,23.04.2018,MİLLİYET,129.43
336,23.04.2018,P.FOTOMAÇ,127.681
337,23.04.2018,TAKVİM,116.956
338,23.04.2018,YENİ ŞAFAK,111.55
339,23.04.2018,GÜNEŞ,105.98299999999999
340,23.04.2018,STAR,103.787
341,23.04.2018,VATAN,102.637
342,23.04.2018,FANATİK,98.931
343,23.04.2018,KORKUSUZ,61.166000000000004
344,23.04.2018,KARAR,52.853
345,23.04.2018,AYDINLIK,50.958
346,23.04.2018,YENİ ASIR,50.305
347,23.04.2018,CUMHURİYET,49.843999999999994
348,23.04.2018,DOĞRU HABER,25.881
349,30.04.2018,SABAH,310.73
350,30.04.2018,HÜRRİYET,299.575
351,30.04.2018,SÖZCÜ,284.22900000000004
352,30.04.2018,POSTA,221.078
353,30.04.2018,HABERTÜRK,203.541
354,30.04.2018,TÜRKİYE,134.10299999999998
355,30.04.2018,MİLLİYET,129.52
356,30.04.2018,P.FOTOMAÇ,127.59299999999999
357,30.04.2018,TAKVİM,116.961
358,30.04.2018,YENİ ŞAFAK,111.14200000000001
359,30.04.2018,GÜNEŞ,104.66799999999999
360,30.04.2018,AKŞAM,103.822
361,30.04.2018,STAR,102.56
362,30.04.2018,VATAN,102.542
363,30.04.2018,FANATİK,97.735
364,30.04.2018,KORKUSUZ,59.004
365,30.04.2018,YENİ AKİT,52.861000000000004
366,30.04.2018,KARAR,52.593
367,30.04.2018,AYDINLIK,51.411
368,30.04.2018,YENİ ASIR,50.298
369,30.04.2018,CUMHURİYET,38.31
370,30.04.2018,DOĞRU HABER,25.073
371,07.05.2018,SABAH,307.565
372,07.05.2018,HÜRRİYET,294.538
373,07.05.2018,SÖZCÜ,282.476
374,07.05.2018,POSTA,219.47299999999998
375,07.05.2018,HABERTÜRK,203.66299999999998
376,07.05.2018,TÜRKİYE,133.40200000000002
377,07.05.2018,MİLLİYET,129.588
378,07.05.2018,P.FOTOMAÇ,126.211
379,07.05.2018,TAKVİM,115.26100000000001
380,07.05.2018,YENİ ŞAFAK,111.389
381,07.05.2018,GÜNEŞ,104.40899999999999
382,07.05.2018,AKŞAM,103.762
383,07.05.2018,VATAN,102.564
384,07.05.2018,STAR,102.471
385,07.05.2018,FANATİK,96.12
386,07.05.2018,KORKUSUZ,56.781000000000006
387,07.05.2018,YENİ AKİT,52.808
388,07.05.2018,KARAR,52.508
389,07.05.2018,YENİ ASIR,51.705
390,07.05.2018,AYDINLIK,50.827
391,07.05.2018,CUMHURİYET,38.925
392,07.05.2018,DOĞRU HABER,25.261999999999997
393,14.05.2018,SABAH,304.01099999999997
394,14.05.2018,HÜRRİYET,289.985
395,14.05.2018,SÖZCÜ,286.406
396,14.05.2018,POSTA,213.926
397,14.05.2018,HABERTÜRK,201.39
398,14.05.2018,TÜRKİYE,131.827
399,14.05.2018,MİLLİYET,128.686
400,14.05.2018,P.FOTOMAÇ,124.412
401,14.05.2018,TAKVİM,114.20100000000001
402,14.05.2018,YENİ ŞAFAK,110.865
403,14.05.2018,AKŞAM,104.244
404,14.05.2018,GÜNEŞ,103.99799999999999
405,14.05.2018,STAR,103.375
406,14.05.2018,VATAN,102.09899999999999
407,14.05.2018,FANATİK,94.988
408,14.05.2018,KORKUSUZ,57.506
409,14.05.2018,KARAR,52.537
410,14.05.2018,YENİ AKİT,52.521
411,14.05.2018,YENİ ASIR,50.465
412,14.05.2018,AYDINLIK,50.46
413,14.05.2018,CUMHURİYET,38.779
414,14.05.2018,DOĞRU HABER,25.326
415,21.05.2018,SABAH,304.632
416,21.05.2018,SÖZCÜ,289.276
417,21.05.2018,HÜRRİYET,288.308
418,21.05.2018,POSTA,213.609
419,21.05.2018,HABERTÜRK,201.356
420,21.05.2018,TÜRKİYE,130.89
421,21.05.2018,MİLLİYET,128.566
422,21.05.2018,P.FOTOMAÇ,119.59
423,21.05.2018,TAKVİM,114.823
424,21.05.2018,YENİ ŞAFAK,110.851
425,21.05.2018,AKŞAM,103.72200000000001
426,21.05.2018,GÜNEŞ,103.60600000000001
427,21.05.2018,STAR,102.65899999999999
428,21.05.2018,VATAN,102.235
429,21.05.2018,FANATİK,92.131
430,21.05.2018,KORKUSUZ,58.446000000000005
431,21.05.2018,YENİ AKİT,52.964
432,21.05.2018,KARAR,52.56100000000001
433,21.05.2018,AYDINLIK,50.775
434,21.05.2018,YENİ ASIR,50.166000000000004
435,21.05.2018,CUMHURİYET,39.359
436,21.05.2018,DOĞRU HABER,25.059
437,28.05.2018,SABAH,303.006
438,28.05.2018,HÜRRİYET,290.615
439,28.05.2018,SÖZCÜ,289.944
440,28.05.2018,POSTA,213.329
441,28.05.2018,HABERTÜRK,201.863
442,28.05.2018,TÜRKİYE,130.059
443,28.05.2018,MİLLİYET,128.683
444,28.05.2018,P.FOTOMAÇ,117.965
445,28.05.2018,TAKVİM,115.59700000000001
446,28.05.2018,YENİ ŞAFAK,110.74
447,28.05.2018,GÜNEŞ,103.95100000000001
448,28.05.2018,AKŞAM,103.57799999999999
449,28.05.2018,STAR,102.43
450,28.05.2018,VATAN,102.19
451,28.05.2018,FANATİK,92.204
452,28.05.2018,KORKUSUZ,57.745
453,28.05.2018,YENİ AKİT,52.68600000000001
454,28.05.2018,KARAR,52.559
455,28.05.2018,AYDINLIK,51.318000000000005
456,28.05.2018,YENİ ASIR,50.031000000000006
457,28.05.2018,CUMHURİYET,39.168
458,28.05.2018,DOĞRU HABER,25.2
459,04.06.2018,SABAH,305.045
460,04.06.2018,SÖZCÜ,294.765
461,04.06.2018,HÜRRİYET,288.441
462,04.06.2018,POSTA,212.12599999999998
463,04.06.2018,HABERTÜRK,201.80900000000003
464,04.06.2018,TÜRKİYE,128.40200000000002
465,04.06.2018,MİLLİYET,127.934
466,04.06.2018,P.FOTOMAÇ,118.976
467,04.06.2018,TAKVİM,117.133
468,04.06.2018,YENİ ŞAFAK,110.568
469,04.06.2018,GÜNEŞ,104.882
470,04.06.2018,AKŞAM,103.88
471,04.06.2018,STAR,102.53
472,04.06.2018,VATAN,102.00299999999999
473,04.06.2018,FANATİK,91.42
474,04.06.2018,KORKUSUZ,56.736000000000004
475,04.06.2018,YENİ ASIR,55.02
476,04.06.2018,KARAR,52.608999999999995
477,04.06.2018,YENİ AKİT,52.452
478,04.06.2018,AYDINLIK,50.239
479,04.06.2018,CUMHURİYET,39.021
480,04.06.2018,DOĞRU HABER,25.278000000000002
481,11.06.2018,SABAH,294.074
482,11.06.2018,SÖZCÜ,288.884
483,11.06.2018,HÜRRİYET,272.703
484,11.06.2018,POSTA,194.61599999999999
485,11.06.2018,HABERTÜRK,186.49599999999998
486,11.06.2018,MİLLİYET,127.175
487,11.06.2018,TÜRKİYE,125.00399999999999
488,11.06.2018,P.FOTOMAÇ,118.40899999999999
489,11.06.2018,TAKVİM,112.542
490,11.06.2018,YENİ ŞAFAK,106.988
491,11.06.2018,GÜNEŞ,103.054
492,11.06.2018,STAR,103.04799999999999
493,11.06.2018,AKŞAM,102.786
494,11.06.2018,VATAN,101.985
495,11.06.2018,FANATİK,87.071
496,11.06.2018,KORKUSUZ,61.163999999999994
497,11.06.2018,YENİ ASIR,55.677
498,11.06.2018,YENİ AKİT,52.582
499,11.06.2018,KARAR,52.537
500,11.06.2018,AYDINLIK,49.778
501,11.06.2018,CUMHURİYET,38.4
502,11.06.2018,DOĞRU HABER,25.706
503,18.06.2018,SABAH,316.356
504,18.06.2018,SÖZCÜ,312.768
505,18.06.2018,HÜRRİYET,288.481
506,18.06.2018,POSTA,210.438
507,18.06.2018,HABERTÜRK,181.967
508,18.06.2018,TÜRKİYE,129.81
509,18.06.2018,MİLLİYET,128.477
510,18.06.2018,TAKVİM,115.62799999999999
511,18.06.2018,P.FOTOMAÇ,114.475
512,18.06.2018,YENİ ŞAFAK,111.625
513,18.06.2018,GÜNEŞ,103.831
514,18.06.2018,AKŞAM,103.68700000000001
515,18.06.2018,STAR,102.977
516,18.06.2018,VATAN,101.992
517,18.06.2018,FANATİK,78.387
518,18.06.2018,KORKUSUZ,59.477
519,18.06.2018,YENİ ASIR,54.163000000000004
520,18.06.2018,YENİ AKİT,52.828
521,18.06.2018,KARAR,52.496
522,18.06.2018,AYDINLIK,50.126000000000005
523,18.06.2018,CUMHURİYET,39.842
524,18.06.2018,DOĞRU HABER,25.575
525,25.06.2018,SABAH,310.935
526,25.06.2018,SÖZCÜ,304.97700000000003
527,25.06.2018,HÜRRİYET,290.666
528,25.06.2018,POSTA,216.856
529,25.06.2018,HABERTÜRK,175.93400000000003
530,25.06.2018,TÜRKİYE,130.833
531,25.06.2018,MİLLİYET,129.17700000000002
532,25.06.2018,TAKVİM,118.819
533,25.06.2018,P.FOTOMAÇ,116.464
534,25.06.2018,YENİ ŞAFAK,112.895
535,25.06.2018,GÜNEŞ,105.71700000000001
536,25.06.2018,AKŞAM,105.544
537,25.06.2018,STAR,104.06
538,25.06.2018,VATAN,102.74
539,25.06.2018,FANATİK,85.845
540,25.06.2018,KORKUSUZ,56.685
541,25.06.2018,YENİ AKİT,53.451
542,25.06.2018,KARAR,52.49
543,25.06.2018,AYDINLIK,51.475
544,25.06.2018,YENİ ASIR,50.75899999999999
545,25.06.2018,CUMHURİYET,40.694
546,25.06.2018,DOĞRU HABER,25.594
547,02.07.2018,SABAH,309.051
548,02.07.2018,SÖZCÜ,289.1
549,02.07.2018,HÜRRİYET,285.43
550,02.07.2018,POSTA,215.81099999999998
551,02.07.2018,MİLLİYET,129.055
552,02.07.2018,TÜRKİYE,128.58700000000002
553,02.07.2018,TAKVİM,119.825
554,02.07.2018,YENİ ŞAFAK,111.13
555,02.07.2018,GÜNEŞ,105.325
556,02.07.2018,AKŞAM,105.052
557,02.07.2018,P.FOTOMAÇ,103.531
558,02.07.2018,STAR,103.18299999999999
559,02.07.2018,VATAN,102.816
560,02.07.2018,FANATİK,82.861
561,02.07.2018,KORKUSUZ,57.53
562,02.07.2018,KARAR,52.465
563,02.07.2018,YENİ AKİT,52.138000000000005
564,02.07.2018,YENİ ASIR,50.138000000000005
565,02.07.2018,AYDINLIK,49.544
566,02.07.2018,CUMHURİYET,38.209
567,02.07.2018,DOĞRU HABER,25.480999999999998
568,09.07.2018,SABAH,310.032
569,09.07.2018,SÖZCÜ,288.832
570,09.07.2018,HÜRRİYET,288.443
571,09.07.2018,POSTA,222.17700000000002
572,09.07.2018,MİLLİYET,129.124
573,09.07.2018,TÜRKİYE,128.472
574,09.07.2018,TAKVİM,120.42299999999999
575,09.07.2018,YENİ ŞAFAK,112.029
576,09.07.2018,P.FOTOMAÇ,108.804
577,09.07.2018,AKŞAM,106.42200000000001
578,09.07.2018,GÜNEŞ,105.709
579,09.07.2018,STAR,104.704
580,09.07.2018,VATAN,103.126
581,09.07.2018,FANATİK,84.46700000000001
582,09.07.2018,KORKUSUZ,56.23
583,09.07.2018,KARAR,52.382
584,09.07.2018,YENİ AKİT,52.228
585,09.07.2018,YENİ ASIR,50.57
586,09.07.2018,AYDINLIK,50.247
587,09.07.2018,CUMHURİYET,38.703
588,09.07.2018,DOĞRU HABER,25.423000000000002
589,16.07.2018,SABAH,307.247
590,16.07.2018,HÜRRİYET,287.43
591,16.07.2018,SÖZCÜ,281.944
592,16.07.2018,POSTA,221.84099999999998
593,16.07.2018,MİLLİYET,129.082
594,16.07.2018,TÜRKİYE,128.042
595,16.07.2018,TAKVİM,118.875
596,16.07.2018,YENİ ŞAFAK,111.485
597,16.07.2018,P.FOTOMAÇ,107.001
598,16.07.2018,GÜNEŞ,104.838
599,16.07.2018,AKŞAM,104.677
600,16.07.2018,VATAN,102.98100000000001
601,16.07.2018,STAR,102.765
602,16.07.2018,FANATİK,84.383
603,16.07.2018,KORKUSUZ,55.352
604,16.07.2018,KARAR,52.328
605,16.07.2018,YENİ AKİT,52.08
606,16.07.2018,AYDINLIK,50.146
607,16.07.2018,YENİ ASIR,50.126999999999995
608,16.07.2018,CUMHURİYET,38.158
609,16.07.2018,DOĞRU HABER,25.398000000000003
610,23.07.2018,SABAH,304.02099999999996
611,23.07.2018,HÜRRİYET,289.64799999999997
612,23.07.2018,SÖZCÜ,283.58099999999996
613,23.07.2018,POSTA,222.456
614,23.07.2018,MİLLİYET,129.053
615,23.07.2018,TÜRKİYE,128.10299999999998
616,23.07.2018,TAKVİM,116.221
617,23.07.2018,YENİ ŞAFAK,111.522
618,23.07.2018,P.FOTOMAÇ,109.367
619,23.07.2018,GÜNEŞ,105.09700000000001
620,23.07.2018,AKŞAM,104.927
621,23.07.2018,VATAN,103.094
622,23.07.2018,STAR,102.694
623,23.07.2018,FANATİK,84.836
624,23.07.2018,KORKUSUZ,55.549
625,23.07.2018,KARAR,52.318000000000005
626,23.07.2018,YENİ AKİT,52.00899999999999
627,23.07.2018,YENİ ASIR,50.167
628,23.07.2018,AYDINLIK,49.926
629,23.07.2018,CUMHURİYET,37.678000000000004
630,23.07.2018,DOĞRU HABER,25.416
631,30.07.2018,SABAH,299.087
632,30.07.2018,HÜRRİYET,289.08099999999996
633,30.07.2018,SÖZCÜ,281.048
634,30.07.2018,POSTA,221.229
635,30.07.2018,MİLLİYET,128.762
636,30.07.2018,TÜRKİYE,127.7
637,30.07.2018,TAKVİM,112.50299999999999
638,30.07.2018,YENİ ŞAFAK,111.625
639,30.07.2018,P.FOTOMAÇ,105.6
640,30.07.2018,GÜNEŞ,105.04
641,30.07.2018,AKŞAM,104.939
642,30.07.2018,VATAN,103.03299999999999
643,30.07.2018,STAR,102.749
644,30.07.2018,FANATİK,84.262
645,30.07.2018,KORKUSUZ,55.358999999999995
646,30.07.2018,AYDINLIK,52.888999999999996
647,30.07.2018,KARAR,52.302
648,30.07.2018,YENİ AKİT,51.998000000000005
649,30.07.2018,YENİ ASIR,49.89
650,30.07.2018,CUMHURİYET,37.412
651,30.07.2018,DOĞRU HABER,25.38
652,06.08.2018,SABAH,298.514
653,06.08.2018,HÜRRİYET,288.256
654,06.08.2018,SÖZCÜ,279.638
655,06.08.2018,POSTA,218.737
656,06.08.2018,MİLLİYET,129.44299999999998
657,06.08.2018,TÜRKİYE,127.18700000000001
658,06.08.2018,TAKVİM,112.616
659,06.08.2018,YENİ ŞAFAK,111.512
660,06.08.2018,P.FOTOMAÇ,107.791
661,06.08.2018,AKŞAM,105.20700000000001
662,06.08.2018,GÜNEŞ,104.70700000000001
663,06.08.2018,VATAN,102.99600000000001
664,06.08.2018,STAR,102.45700000000001
665,06.08.2018,FANATİK,86.499
666,06.08.2018,KORKUSUZ,55.16
667,06.08.2018,KARAR,52.608000000000004
668,06.08.2018,YENİ AKİT,51.773
669,06.08.2018,AYDINLIK,50.693000000000005
670,06.08.2018,YENİ ASIR,49.824
671,06.08.2018,CUMHURİYET,38.169000000000004
672,06.08.2018,DOĞRU HABER,25.191999999999997
673,13.08.2018,SABAH,298.906
674,13.08.2018,HÜRRİYET,287.21
675,13.08.2018,SÖZCÜ,278.07099999999997
676,13.08.2018,POSTA,211.817
677,13.08.2018,MİLLİYET,129.086
678,13.08.2018,TÜRKİYE,127.184
679,13.08.2018,TAKVİM,112.26700000000001
680,13.08.2018,YENİ ŞAFAK,111.265
681,13.08.2018,P.FOTOMAÇ,109.945
682,13.08.2018,GÜNEŞ,105.368
683,13.08.2018,AKŞAM,105.215
684,13.08.2018,VATAN,103.09299999999999
685,13.08.2018,STAR,102.431
686,13.08.2018,FANATİK,88.227
687,13.08.2018,KORKUSUZ,56.547
688,13.08.2018,KARAR,52.233000000000004
689,13.08.2018,YENİ AKİT,51.688
690,13.08.2018,AYDINLIK,50.586000000000006
691,13.08.2018,YENİ ASIR,49.919
692,13.08.2018,CUMHURİYET,37.539
693,13.08.2018,DOĞRU HABER,25.096
694,20.08.2018,SABAH,280.559
695,20.08.2018,HÜRRİYET,268.172
696,20.08.2018,SÖZCÜ,257.435
697,20.08.2018,POSTA,181.37400000000002
698,20.08.2018,MİLLİYET,126.955
699,20.08.2018,TÜRKİYE,120.456
700,20.08.2018,P.FOTOMAÇ,107.67200000000001
701,20.08.2018,TAKVİM,106.414
702,20.08.2018,YENİ ŞAFAK,105.552
703,20.08.2018,VATAN,102.005
704,20.08.2018,AKŞAM,102.0
705,20.08.2018,GÜNEŞ,101.20200000000001
706,20.08.2018,STAR,100.01700000000001
707,20.08.2018,FANATİK,84.956
708,20.08.2018,KORKUSUZ,59.25899999999999
709,20.08.2018,KARAR,52.23
710,20.08.2018,YENİ AKİT,51.13399999999999
711,20.08.2018,AYDINLIK,50.687
712,20.08.2018,YENİ ASIR,48.928999999999995
713,20.08.2018,CUMHURİYET,32.650999999999996
714,20.08.2018,DOĞRU HABER,25.363000000000003
715,27.08.2018,SABAH,296.842
716,27.08.2018,HÜRRİYET,284.22
717,27.08.2018,SÖZCÜ,268.613
718,27.08.2018,POSTA,213.891
719,27.08.2018,MİLLİYET,128.399
720,27.08.2018,TÜRKİYE,126.24
721,27.08.2018,P.FOTOMAÇ,116.553
722,27.08.2018,TAKVİM,111.641
723,27.08.2018,YENİ ŞAFAK,110.949
724,27.08.2018,AKŞAM,104.805
725,27.08.2018,GÜNEŞ,104.62200000000001
726,27.08.2018,VATAN,102.67200000000001
727,27.08.2018,STAR,102.176
728,27.08.2018,FANATİK,89.473
729,27.08.2018,KORKUSUZ,56.466
730,27.08.2018,KARAR,52.278
731,27.08.2018,AYDINLIK,52.143
732,27.08.2018,YENİ AKİT,51.107
733,27.08.2018,YENİ ASIR,50.724
734,27.08.2018,CUMHURİYET,34.751
735,27.08.2018,DOĞRU HABER,25.211
736,03.09.2018,SABAH,296.67900000000003
737,03.09.2018,HÜRRİYET,280.836
738,03.09.2018,SÖZCÜ,266.454
739,03.09.2018,POSTA,212.097
740,03.09.2018,MİLLİYET,128.752
741,03.09.2018,TÜRKİYE,125.463
742,03.09.2018,YENİ ŞAFAK,111.62200000000001
743,03.09.2018,TAKVİM,111.256
744,03.09.2018,AKŞAM,103.88799999999999
745,03.09.2018,GÜNEŞ,103.79
746,03.09.2018,P.FOTOMAÇ,102.59
747,03.09.2018,VATAN,102.514
748,03.09.2018,STAR,101.35799999999999
749,03.09.2018,FANATİK,82.73
750,03.09.2018,KORKUSUZ,55.132
751,03.09.2018,KARAR,52.361000000000004
752,03.09.2018,YENİ AKİT,51.213
753,03.09.2018,AYDINLIK,50.406000000000006
754,03.09.2018,YENİ ASIR,50.108999999999995
755,03.09.2018,CUMHURİYET,35.344
756,03.09.2018,DOĞRU HABER,24.976
757,10.09.2018,SABAH,297.129
758,10.09.2018,HÜRRİYET,282.97900000000004
759,10.09.2018,SÖZCÜ,264.08
760,10.09.2018,POSTA,211.44099999999997
761,10.09.2018,MİLLİYET,128.28799999999998
762,10.09.2018,TÜRKİYE,125.353
763,10.09.2018,YENİ ŞAFAK,112.834
764,10.09.2018,TAKVİM,111.74600000000001
765,10.09.2018,P.FOTOMAÇ,106.98700000000001
766,10.09.2018,GÜNEŞ,104.02799999999999
767,10.09.2018,AKŞAM,103.98
768,10.09.2018,VATAN,102.65100000000001
769,10.09.2018,STAR,101.426
770,10.09.2018,FANATİK,84.024
771,10.09.2018,KORKUSUZ,54.15
772,10.09.2018,KARAR,52.227
773,10.09.2018,YENİ AKİT,51.46
774,10.09.2018,AYDINLIK,50.476000000000006
775,10.09.2018,YENİ ASIR,49.974
776,10.09.2018,CUMHURİYET,35.522
777,10.09.2018,DOĞRU HABER,25.177
778,17.09.2018,SABAH,296.353
779,17.09.2018,HÜRRİYET,278.885
780,17.09.2018,SÖZCÜ,265.094
781,17.09.2018,POSTA,211.31900000000002
782,17.09.2018,MİLLİYET,128.065
783,17.09.2018,TÜRKİYE,125.715
784,17.09.2018,YENİ ŞAFAK,112.537
785,17.09.2018,TAKVİM,111.255
786,17.09.2018,P.FOTOMAÇ,108.868
787,17.09.2018,GÜNEŞ,104.16
788,17.09.2018,AKŞAM,103.64399999999999
789,17.09.2018,VATAN,102.12700000000001
790,17.09.2018,STAR,101.257
791,17.09.2018,FANATİK,87.194
792,17.09.2018,KORKUSUZ,55.357
793,17.09.2018,KARAR,52.229
794,17.09.2018,YENİ AKİT,51.946000000000005
795,17.09.2018,YENİ ASIR,51.567
796,17.09.2018,AYDINLIK,50.383
797,17.09.2018,CUMHURİYET,35.114000000000004
798,17.09.2018,DOĞRU HABER,25.095
799,24.09.2018,SABAH,296.32
800,24.09.2018,HÜRRİYET,278.063
801,24.09.2018,SÖZCÜ,259.302
802,24.09.2018,POSTA,206.83900000000003
803,24.09.2018,MİLLİYET,127.844
804,24.09.2018,TÜRKİYE,125.947
805,24.09.2018,YENİ ŞAFAK,112.20100000000001
806,24.09.2018,TAKVİM,109.715
807,24.09.2018,GÜNEŞ,104.03399999999999
808,24.09.2018,AKŞAM,103.90899999999999
809,24.09.2018,VATAN,102.04799999999999
810,24.09.2018,STAR,101.26799999999999
811,24.09.2018,P.FOTOMAÇ,101.219
812,24.09.2018,FANATİK,86.891
813,24.09.2018,KORKUSUZ,58.832
814,24.09.2018,KARAR,52.348
815,24.09.2018,YENİ AKİT,51.831
816,24.09.2018,YENİ ASIR,51.428000000000004
817,24.09.2018,AYDINLIK,45.263000000000005
818,24.09.2018,CUMHURİYET,34.368
819,24.09.2018,DOĞRU HABER,24.88
820,01.10.2018,SABAH,295.888
821,01.10.2018,HÜRRİYET,278.746
822,01.10.2018,SÖZCÜ,256.814
823,01.10.2018,POSTA,201.66099999999997
824,01.10.2018,MİLLİYET,127.73200000000001
825,01.10.2018,TÜRKİYE,125.70299999999999
826,01.10.2018,YENİ ŞAFAK,112.331
827,01.10.2018,TAKVİM,110.15700000000001
828,01.10.2018,P.FOTOMAÇ,104.711
829,01.10.2018,GÜNEŞ,104.39
830,01.10.2018,AKŞAM,104.36399999999999
831,01.10.2018,VATAN,101.89200000000001
832,01.10.2018,STAR,101.464
833,01.10.2018,FANATİK,85.212
834,01.10.2018,KORKUSUZ,57.321999999999996
835,01.10.2018,KARAR,52.375
836,01.10.2018,YENİ AKİT,51.989
837,01.10.2018,YENİ ASIR,51.408
838,01.10.2018,AYDINLIK,51.043
839,01.10.2018,CUMHURİYET,34.441
840,01.10.2018,DOĞRU HABER,24.888
841,08.10.2018,SABAH,295.762
842,08.10.2018,HÜRRİYET,281.433
843,08.10.2018,SÖZCÜ,257.18
844,08.10.2018,POSTA,202.729
845,08.10.2018,MİLLİYET,127.65
846,08.10.2018,TÜRKİYE,125.70200000000001
847,08.10.2018,YENİ ŞAFAK,112.24600000000001
848,08.10.2018,TAKVİM,109.37899999999999
849,08.10.2018,GÜNEŞ,104.14200000000001
850,08.10.2018,AKŞAM,103.426
851,08.10.2018,VATAN,101.71
852,08.10.2018,STAR,101.04899999999999
853,08.10.2018,P.FOTOMAÇ,98.84299999999999
854,08.10.2018,FANATİK,81.516
855,08.10.2018,KORKUSUZ,53.95
856,08.10.2018,KARAR,52.367
857,08.10.2018,YENİ AKİT,51.67
858,08.10.2018,YENİ ASIR,51.309
859,08.10.2018,AYDINLIK,50.217
860,08.10.2018,CUMHURİYET,35.562
861,08.10.2018,DOĞRU HABER,24.86
862,15.10.2018,SABAH,296.295
863,15.10.2018,HÜRRİYET,279.893
864,15.10.2018,SÖZCÜ,256.972
865,15.10.2018,POSTA,200.58700000000002
866,15.10.2018,MİLLİYET,127.473
867,15.10.2018,TÜRKİYE,126.20700000000001
868,15.10.2018,YENİ ŞAFAK,112.32700000000001
869,15.10.2018,TAKVİM,108.964
870,15.10.2018,GÜNEŞ,103.84200000000001
871,15.10.2018,AKŞAM,103.375
872,15.10.2018,P.FOTOMAÇ,101.98
873,15.10.2018,VATAN,101.723
874,15.10.2018,STAR,100.93700000000001
875,15.10.2018,FANATİK,81.07
876,15.10.2018,KORKUSUZ,53.913999999999994
877,15.10.2018,KARAR,52.406000000000006
878,15.10.2018,YENİ AKİT,51.815
879,15.10.2018,YENİ ASIR,51.332
880,15.10.2018,AYDINLIK,49.769
881,15.10.2018,CUMHURİYET,35.304
882,15.10.2018,DOĞRU HABER,25.003
883,22.10.2018,SABAH,296.39
884,22.10.2018,HÜRRİYET,278.904
885,22.10.2018,SÖZCÜ,261.661
886,22.10.2018,POSTA,201.393
887,22.10.2018,MİLLİYET,127.302
888,22.10.2018,TÜRKİYE,126.729
889,22.10.2018,YENİ ŞAFAK,112.051
890,22.10.2018,TAKVİM,108.573
891,22.10.2018,GÜNEŞ,103.83200000000001
892,22.10.2018,P.FOTOMAÇ,103.62899999999999
893,22.10.2018,AKŞAM,102.95100000000001
894,22.10.2018,VATAN,101.495
895,22.10.2018,STAR,100.929
896,22.10.2018,FANATİK,81.578
897,22.10.2018,KORKUSUZ,54.223
898,22.10.2018,KARAR,52.318999999999996
899,22.10.2018,YENİ AKİT,51.621
900,22.10.2018,YENİ ASIR,51.336000000000006
901,22.10.2018,AYDINLIK,50.567
902,22.10.2018,CUMHURİYET,32.874
903,22.10.2018,DOĞRU HABER,25.144000000000002
904,29.10.2018,SABAH,293.012
905,29.10.2018,HÜRRİYET,278.528
906,29.10.2018,SÖZCÜ,258.026
907,29.10.2018,POSTA,198.422
908,29.10.2018,MİLLİYET,127.12200000000001
909,29.10.2018,TÜRKİYE,126.78299999999999
910,29.10.2018,YENİ ŞAFAK,111.60799999999999
911,29.10.2018,TAKVİM,106.145
912,29.10.2018,GÜNEŞ,104.155
913,29.10.2018,AKŞAM,103.601
914,29.10.2018,STAR,101.44
915,29.10.2018,P.FOTOMAÇ,98.321
916,29.10.2018,FANATİK,82.193
917,29.10.2018,KORKUSUZ,55.946000000000005
918,29.10.2018,KARAR,52.355
919,29.10.2018,YENİ AKİT,51.815
920,29.10.2018,YENİ ASIR,51.41
921,29.10.2018,AYDINLIK,50.503
922,29.10.2018,CUMHURİYET,36.473
923,29.10.2018,DOĞRU HABER,25.131
924,05.11.2018,SABAH,291.659
925,05.11.2018,HÜRRİYET,278.066
926,05.11.2018,SÖZCÜ,261.638
927,05.11.2018,POSTA,198.112
928,05.11.2018,MİLLİYET,127.734
929,05.11.2018,TÜRKİYE,126.595
930,05.11.2018,YENİ ŞAFAK,111.82600000000001
931,05.11.2018,TAKVİM,104.92
932,05.11.2018,GÜNEŞ,104.454
933,05.11.2018,AKŞAM,103.19
934,05.11.2018,STAR,100.616
935,05.11.2018,P.FOTOMAÇ,94.99600000000001
936,05.11.2018,FANATİK,80.825
937,05.11.2018,KORKUSUZ,56.091
938,05.11.2018,KARAR,52.526
939,05.11.2018,YENİ ASIR,51.29
940,05.11.2018,YENİ AKİT,51.261
941,05.11.2018,AYDINLIK,50.586000000000006
942,05.11.2018,CUMHURİYET,33.564
943,05.11.2018,DOĞRU HABER,25.186
944,12.11.2018,SABAH,290.808
945,12.11.2018,HÜRRİYET,276.312
946,12.11.2018,SÖZCÜ,254.253
947,12.11.2018,POSTA,194.672
948,12.11.2018,MİLLİYET,127.564
949,12.11.2018,TÜRKİYE,127.35799999999999
950,12.11.2018,YENİ ŞAFAK,111.552
951,12.11.2018,GÜNEŞ,103.973
952,12.11.2018,TAKVİM,103.73700000000001
953,12.11.2018,AKŞAM,102.92299999999999
954,12.11.2018,STAR,101.10700000000001
955,12.11.2018,P.FOTOMAÇ,87.52
956,12.11.2018,FANATİK,77.3
957,12.11.2018,KORKUSUZ,55.032
958,12.11.2018,KARAR,52.661
959,12.11.2018,YENİ AKİT,51.245
960,12.11.2018,YENİ ASIR,51.078
961,12.11.2018,AYDINLIK,50.403
962,12.11.2018,CUMHURİYET,32.107
963,12.11.2018,DOĞRU HABER,25.079
964,19.11.2018,SABAH,290.76
965,19.11.2018,HÜRRİYET,276.342
966,19.11.2018,SÖZCÜ,253.058
967,19.11.2018,POSTA,194.952
968,19.11.2018,TÜRKİYE,128.24
969,19.11.2018,MİLLİYET,127.294
970,19.11.2018,YENİ ŞAFAK,111.551
971,19.11.2018,TAKVİM,104.234
972,19.11.2018,GÜNEŞ,104.087
973,19.11.2018,AKŞAM,102.73100000000001
974,19.11.2018,STAR,100.34200000000001
975,19.11.2018,P.FOTOMAÇ,91.715
976,19.11.2018,FANATİK,78.79
977,19.11.2018,KORKUSUZ,55.33
978,19.11.2018,YENİ ASIR,51.202
979,19.11.2018,YENİ AKİT,51.165
980,19.11.2018,AYDINLIK,50.588
981,19.11.2018,CUMHURİYET,33.455
982,19.11.2018,DOĞRU HABER,25.006999999999998
983,19.11.2018,KARAR,18.046
984,26.11.2018,SABAH,289.897
985,26.11.2018,HÜRRİYET,271.038
986,26.11.2018,SÖZCÜ,253.65200000000002
987,26.11.2018,POSTA,188.44400000000002
988,26.11.2018,TÜRKİYE,128.958
989,26.11.2018,MİLLİYET,127.098
990,26.11.2018,YENİ ŞAFAK,111.395
991,26.11.2018,GÜNEŞ,103.792
992,26.11.2018,TAKVİM,103.454
993,26.11.2018,AKŞAM,102.71
994,26.11.2018,STAR,100.303
995,26.11.2018,P.FOTOMAÇ,92.875
996,26.11.2018,FANATİK,76.84
997,26.11.2018,KORKUSUZ,55.20399999999999
998,26.11.2018,YENİ ASIR,51.217
999,26.11.2018,YENİ AKİT,51.023999999999994
1000,26.11.2018,AYDINLIK,50.303999999999995
1001,26.11.2018,CUMHURİYET,32.438
1002,26.11.2018,DOĞRU HABER,22.401
1003,26.11.2018,KARAR,12.192
1004,03.12.2018,SABAH,289.77099999999996
1005,03.12.2018,HÜRRİYET,267.454
1006,03.12.2018,SÖZCÜ,254.737
1007,03.12.2018,POSTA,187.36900000000003
1008,03.12.2018,TÜRKİYE,128.752
1009,03.12.2018,MİLLİYET,127.07600000000001
1010,03.12.2018,YENİ ŞAFAK,111.132
1011,03.12.2018,TAKVİM,103.833
1012,03.12.2018,GÜNEŞ,103.561
1013,03.12.2018,AKŞAM,103.01799999999999
1014,03.12.2018,STAR,100.17
1015,03.12.2018,P.FOTOMAÇ,92.06
1016,03.12.2018,FANATİK,77.065
1017,03.12.2018,KORKUSUZ,54.625
1018,03.12.2018,YENİ ASIR,51.101000000000006
1019,03.12.2018,YENİ AKİT,50.891999999999996
1020,03.12.2018,AYDINLIK,50.425
1021,03.12.2018,CUMHURİYET,31.743000000000002
1022,03.12.2018,DOĞRU HABER,15.708
1023,03.12.2018,KARAR,12.095
1024,10.12.2018,SABAH,290.436
1025,10.12.2018,HÜRRİYET,267.095
1026,10.12.2018,SÖZCÜ,266.357
1027,10.12.2018,POSTA,186.188
1028,10.12.2018,TÜRKİYE,129.963
1029,10.12.2018,MİLLİYET,126.772
1030,10.12.2018,YENİ ŞAFAK,110.97399999999999
1031,10.12.2018,TAKVİM,104.09200000000001
1032,10.12.2018,GÜNEŞ,103.55
1033,10.12.2018,AKŞAM,102.956
1034,10.12.2018,STAR,101.286
1035,10.12.2018,P.FOTOMAÇ,93.29899999999999
1036,10.12.2018,FANATİK,76.804
1037,10.12.2018,KORKUSUZ,54.103
1038,10.12.2018,YENİ ASIR,51.146
1039,10.12.2018,YENİ AKİT,50.883
1040,10.12.2018,AYDINLIK,50.346000000000004
1041,10.12.2018,CUMHURİYET,34.653
1042,10.12.2018,DOĞRU HABER,15.671
1043,10.12.2018,KARAR,12.091
1044,17.12.2018,SABAH,286.048
1045,17.12.2018,HÜRRİYET,264.752
1046,17.12.2018,SÖZCÜ,263.134
1047,17.12.2018,POSTA,187.916
1048,17.12.2018,TÜRKİYE,131.547
1049,17.12.2018,MİLLİYET,127.095
1050,17.12.2018,YENİ ŞAFAK,111.09700000000001
1051,17.12.2018,TAKVİM,105.40299999999999
1052,17.12.2018,GÜNEŞ,103.67
1053,17.12.2018,AKŞAM,103.08
1054,17.12.2018,STAR,101.647
1055,17.12.2018,P.FOTOMAÇ,92.611
1056,17.12.2018,FANATİK,76.51
1057,17.12.2018,KORKUSUZ,54.498999999999995
1058,17.12.2018,YENİ ASIR,51.178000000000004
1059,17.12.2018,YENİ AKİT,50.975
1060,17.12.2018,AYDINLIK,50.403999999999996
1061,17.12.2018,CUMHURİYET,31.244
1062,17.12.2018,DOĞRU HABER,15.548
1063,17.12.2018,KARAR,12.092
1064,24.12.2018,SABAH,281.52299999999997
1065,24.12.2018,HÜRRİYET,262.801
1066,24.12.2018,SÖZCÜ,262.012
1067,24.12.2018,POSTA,188.39
1068,24.12.2018,TÜRKİYE,132.78799999999998
1069,24.12.2018,MİLLİYET,126.89
1070,24.12.2018,YENİ ŞAFAK,110.89200000000001
1071,24.12.2018,TAKVİM,106.77600000000001
1072,24.12.2018,GÜNEŞ,103.98100000000001
1073,24.12.2018,AKŞAM,103.587
1074,24.12.2018,STAR,101.43700000000001
1075,24.12.2018,P.FOTOMAÇ,89.51299999999999
1076,24.12.2018,FANATİK,77.082
1077,24.12.2018,KORKUSUZ,54.45
1078,24.12.2018,YENİ ASIR,51.131
1079,24.12.2018,YENİ AKİT,50.977
1080,24.12.2018,AYDINLIK,50.21
1081,24.12.2018,CUMHURİYET,32.754
1082,24.12.2018,DOĞRU HABER,15.540999999999999
1083,24.12.2018,KARAR,12.09
1084,31.12.2018,SABAH,285.21
1085,31.12.2018,SÖZCÜ,265.736
1086,31.12.2018,HÜRRİYET,265.655
1087,31.12.2018,POSTA,211.38299999999998
1088,31.12.2018,TÜRKİYE,133.129
1089,31.12.2018,MİLLİYET,131.33
1090,31.12.2018,TAKVİM,113.914
1091,31.12.2018,YENİ ŞAFAK,110.43799999999999
1092,31.12.2018,GÜNEŞ,106.43700000000001
1093,31.12.2018,AKŞAM,105.631
1094,31.12.2018,STAR,101.52600000000001
1095,31.12.2018,P.FOTOMAÇ,87.959
1096,31.12.2018,FANATİK,77.725
1097,31.12.2018,KORKUSUZ,57.388999999999996
1098,31.12.2018,YENİ ASIR,51.756
1099,31.12.2018,YENİ AKİT,51.161
1100,31.12.2018,AYDINLIK,50.158
1101,31.12.2018,CUMHURİYET,38.33
1102,31.12.2018,DOĞRU HABER,14.828
1103,31.12.2018,KARAR,11.267000000000001
